start_hour,center_hour,center_hour_mod,window_label,ACI_z,ACTspCount_z,ACTspFract_z,ACTspMean_z,ACTtCount_z,ACTtFraction_z,ACTtMean_z,ADI_z,AEI_z,AGI_z,AnthroEnergy_z,BGNf_z,BGNt_z,BI_z,BioEnergy_z,EAS_z,ECU_z,ECV_z,ENRf_z,EPS_KURT_z,EPS_SKEW_z,EPS_z,EVNspCount_z,EVNspFract_z,EVNspMean_z,EVNtCount_z,EVNtFraction_z,EVNtMean_z,HFC_z,H_GiniSimpson_z,H_Havrda_z,H_Renyi_z,H_gamma_z,H_pairedShannon_z,Hf_z,Ht_z,KURTf_z,KURTt_z,LEQf_z,LEQt_z,LFC_z,MEANf_z,MEANt_z,MED_z,MFC_z,NBPEAKS_z,NDSI_z,RAOQ_z,ROU_z,SKEWf_z,SKEWt_z,SNRf_z,SNRt_z,TFSD_z,VARf_z,VARt_z,ZCR_z,aROI_z,nROI_z,rBA_z
0.0,1.5,1.5,000.0-003.0,8.685563659184281e-10,2.4626920911274237e-23,7.480538725365885e-06,1.7257982679584756e-06,9.176075345621777e-21,1.1938991176352668e-52,3.173738731160765e-32,0.1282022304700061,0.27432187469643854,6.897476925973703e-39,1.5166348883517393e-45,1.2079331380347706e-78,7.284187006220412e-58,0.24572084389643292,9.652076773120608e-21,1.2212953983428058e-118,5.637829471379091e-65,4.102459550016161e-23,3.1315119791799883e-52,3.5481304693213096e-10,6.094894280494165e-07,0.0011300009914926783,3.968403594766179e-25,2.4508584431039336e-10,4.7784022908619455e-05,2.9375887902773795e-18,1.14005650877669e-20,0.00015778331402785362,1.0882722521153784e-05,4.6597214186236846e-32,1.915006967484528e-30,1.9916324951369753e-11,3.2113424853937175e-13,3.8160889036722346e-39,6.300749832553721e-06,3.5507079965739924e-29,0.03591484948655141,2.295035304166392e-13,0.002820105677625645,7.749402930809143e-28,5.61037591877987e-12,0.7121990537217289,0.003426569157085599,2.5864270571481087e-60,2.4167668459467067e-05,4.74476365614773e-53,3.900900147432117e-05,1.7401833630979487e-09,3.722120936954979e-10,6.028868104872186e-12,8.401006241114689e-09,1.7179345264216255e-06,4.559161430085378e-11,0.6819762762459067,6.458937606473529e-27,0.1295044624252496,5.88358338703673e-49,0.13849558675325196,3.331338838361995e-48,0.40383537716092793
0.5,2.0,2.0,000.5-003.5,5.2402688494890385e-19,0.7405131976847275,1.488298629558214e-05,7.31378270907708e-50,9.164702117298266e-05,3.1428549310912294e-51,1.0965819873812543e-37,5.108265748911225e-13,8.434248861227458e-15,2.8972748414857317e-15,2.9043606709791827e-21,6.68991183891876e-81,5.557677545919589e-66,3.359314240076902e-11,1.75175133128619e-11,7.509916772722783e-44,1.0690892314834897e-44,3.768820221656258e-32,1.9852861291367124e-35,1.832842014251044e-24,7.758270722515474e-07,1.5773575260903257e-05,0.006106170503942641,0.8536456581775083,9.166538350873826e-05,0.09068390770274726,1.1277585986716463e-64,5.113578167297392e-30,1.4634595771378169e-35,1.9708357023125005e-25,0.050305733111242194,1.1446478829537005e-18,0.40349541304405023,1.4655639475884909e-08,0.00017499759679921457,7.250327994127546e-36,0.6691029577830344,1.6134595598004942e-45,4.469619841874159e-48,1.1075658365586247e-43,2.7004968774461857e-37,1.5449953215945834e-50,7.039761149104484e-05,1.6279785191086839e-35,7.185586877069982e-57,5.3369990526068625e-49,5.4874987459548454e-08,3.341765999603714e-17,2.6035913827685265e-33,0.00016247517860057924,1.0781870004093903e-31,3.6704632885344964e-57,9.234725051583951e-42,2.9304982280918287e-22,1.5316508318819822e-07,0.0001350678405045941,1.171171675663644e-43,1.5060987020792961e-30,0.0001514751059421335,2.191987352015699e-33
1.0,2.5,2.5,001.0-004.0,2.2480896206386653e-49,0.0018618884835760287,1.4202620309443036e-11,2.1909117841239973e-59,0.0016575338407157953,6.272570196599514e-80,3.195262648876673e-105,8.435182566525956e-07,0.004157736211539306,2.710246714333993e-20,4.959226270282626e-07,8.781510872300829e-38,1.5519637645833034e-62,5.72143033270565e-17,9.341944796612064e-48,2.185863087721072e-50,1.0027518045835966e-71,9.915068018113627e-84,2.0598998182945845e-13,3.722964942403997e-22,3.525703535160664e-08,3.690257054824145e-07,7.868383444394358e-07,2.011634618713675e-26,6.981796830824366e-06,2.925702788227619e-66,0.0047828604631689345,2.4770208943354512e-05,1.0344816643363813e-21,1.646052498841412e-08,5.707038246231391e-20,0.36303418564901974,8.079865885636451e-57,0.9437787729882511,0.8936848013594947,1.5051904539740381e-30,7.236151813386774e-23,1.6856695482141228e-27,2.016795140315946e-13,0.11084258007368453,0.00012832201390753498,6.072897583369636e-35,9.635845496175851e-22,2.70306466772276e-24,4.1667760842300536e-26,3.606772864779137e-06,6.030030042294213e-17,7.636689122442046e-14,3.257567323438665e-39,8.611974240813621e-23,7.563555838154586e-12,5.8881307447267055e-05,0.22790246096951997,2.015677273745556e-52,0.04096843659363144,0.000334287430599831,0.023088901702140428,5.170214335696289e-25,2.2926392200864933e-50,7.968105520376204e-33
1.5,3.0,3.0,001.5-004.5,5.786412362844862e-37,6.209660022182699e-18,5.430167622700773e-09,7.461185469410656e-52,2.278977770047983e-09,3.510918971298849e-44,3.640751826345527e-92,4.925022467387944e-10,8.872381499860764e-46,3.453126539315035e-06,5.44114577631844e-26,7.234285373559161e-71,2.2775471470059513e-36,0.0004742185796275761,7.015512537316812e-40,1.507009046721746e-40,6.156591040324744e-76,9.74933259920331e-74,1.6495472746448077e-52,0.010158456952194219,3.466306061925103e-13,3.203254409234344e-30,8.665152839975279e-09,0.8063891352220065,1.1701668509156572e-53,2.2632623243335194e-19,1.3314729211216024e-76,1.5486648744644284e-40,7.649783945474737e-20,5.186888635829109e-19,7.612009515362092e-15,7.028227760260289e-29,1.855980059025622e-11,0.0004229696968614964,0.00011916652303408294,3.7421674747527786e-53,1.3435780552423435e-13,0.03105535001708597,3.0267735957694824e-36,1.9591627196972625e-07,0.6942609167500663,4.640901624590881e-56,9.870197643374431e-26,0.9138893356925929,0.01253157241874795,0.7365266583941958,0.2543965403130437,0.19478175605688813,2.490763133312134e-09,0.0001868208465293801,0.0169822418055452,9.979252465002538e-73,3.940434494375238e-93,1.2892848767586684e-08,0.0009805138471490446,5.911080322404436e-15,1.5368868389130057e-55,1.4252251876305195e-23,0.012386305903797131,8.842348432110472e-27
2.0,3.5,3.5,002.0-005.0,1.4785878030160528e-35,1.5990329370317534e-06,2.1992789312092047e-56,4.6700543480872554e-08,3.4307334156108193e-57,2.023821345812064e-13,3.968211057609473e-64,5.652041388518519e-27,5.665558987782961e-59,4.095055303977597e-06,1.706423347367274e-52,2.2845554289435634e-49,3.7816798527603867e-29,0.13528584441033917,1.0045242111284055e-06,7.314816859362305e-97,3.286294507664866e-93,1.1877773793275068e-90,1.0682977150135293e-13,1.6624950200320164e-08,1.8642843910034034e-50,1.6491407610203429e-22,1.8386120909883337e-10,3.9622085202889156e-10,3.1234650377706525e-37,1.982430719578664e-08,9.560749302179216e-25,3.0459826121386164e-11,4.2033037323464017e-13,5.588936042768503e-69,5.714541895591373e-35,0.3792305206243114,5.284833906741722e-44,5.91693992684568e-09,9.0193814967937e-17,2.1050201652922604e-24,8.025761920502783e-47,0.0027349923536091588,3.670911363850327e-10,5.3363489094927075e-39,4.757942015457284e-44,2.8672255989730343e-06,3.4638633202834e-13,4.819073405309868e-11,0.010339715581538487,2.6227620504625346e-09,0.06931560238424823,3.1258353870038473e-34,3.046225072869974e-61,0.037815526782484316,3.2870517795720947e-66,6.6232814979387756e-18,5.224276731690432e-45,1.8022214974614438e-53,0.07889206414170581,0.0005863752933542863,0.8470913269049727,2.1631261893391225e-06,3.169615704981744e-11,1.0900995340535405e-08
2.5,4.0,4.0,002.5-005.5,6.319502090554425e-08,4.1105465545509395e-16,6.575154552427054e-14,7.216934991881337e-39,7.650496878109026e-27,0.00509135949189536,2.555639246398273e-37,3.9225384434569424e-38,3.7182986387865625e-10,1.7176835804220377e-49,1.7404941578894734e-12,6.295876103342882e-59,2.4271966585213423e-35,3.169779412132407e-20,0.08503680903393233,3.504114592458644e-15,5.6208616392657714e-89,4.82040906909308e-52,0.6626281613218873,5.5284699980709665e-18,2.598077837729918e-28,0.000876093769770303,2.1708450949018734e-31,2.6515313740781726e-05,2.0024492743077285e-32,3.469173185474222e-29,0.007155107225961975,3.0809047003056906e-07,0.001354591048468276,1.0795307508838117e-35,4.139283848977095e-13,6.6079267524736344e-49,1.2528073632770517e-28,1.9170017822741292e-39,1.2454668872460111e-42,2.196459942848404e-12,1.519302526399013e-44,1.1159098463793022e-91,2.8705340453857125e-08,0.7852838727613546,1.0818626535551293e-30,8.024290299532538e-14,2.538724553072855e-71,3.782694640814148e-52,0.01683116836066719,3.719674933169678e-25,1.0958089889300288e-15,1.2979675658728968e-24,0.044211616531115244,1.2779079080928348e-46,0.2601264031588015,1.6594198909452685e-11,4.5046312499009596e-36,1.4098299254285174e-51,9.594019879808628e-05,8.133651435930645e-55,7.945821155465741e-13,1.5803135961976678e-25,5.023632729229571e-65,1.7345356367242038e-08
3.0,4.5,4.5,003.0-006.0,4.689476740315126e-42,9.309716519004602e-14,0.603561897702955,1.1095898131937529e-42,1.4998581521929697e-29,7.416776669895152e-14,6.96226228024748e-39,9.55935927456289e-34,3.4693873794972877e-16,3.004252864206739e-13,0.0028456904689137894,3.55572033096815e-40,8.128313307247425e-34,1.4449966305866048e-29,0.8758263593544114,4.3711525122041496e-27,2.171918822328413e-80,7.605738926644026e-70,4.122125992388173e-26,0.005007126041379077,2.720003922572695e-38,4.696954133341317e-05,1.556432649945515e-67,0.040405811670121944,1.979982410945733e-09,0.007958781857114041,2.0688334033582134e-20,4.091379889624285e-87,9.537669649048158e-10,1.190907494777597e-28,2.8888934190048972e-40,2.7284078414304534e-57,0.00261351977880194,1.8251702345800907e-43,6.396908045799998e-77,2.770318399259388e-18,0.7749835451541898,5.78294344923713e-76,0.00023037567948217303,0.09277643316780435,0.09717633076909743,7.941545861471091e-25,1.2099301024568616e-29,2.229667463736607e-36,5.1784302709431854e-14,1.9717577055026174e-17,2.6207828318109898e-36,2.342256667431208e-30,1.6843344037164154e-21,6.338433804515182e-52,7.351825918357534e-07,5.4368199939734e-83,8.082145658114647e-21,1.3615330955279224e-36,2.595078249413081e-56,2.167936581267702e-32,0.17082447965750286,2.4544065016196894e-27,7.306624675447897e-63,8.135798333125846e-21
3.5,5.0,5.0,003.5-006.5,0.0002190748613120128,0.031130682633757973,0.0002222117539056989,0.0008397055657967844,0.0008217654749209549,2.2659921870800498e-11,1.4358471083764782e-75,8.341461606796778e-40,0.0004110385838043208,5.4410219405637e-16,4.8740878219490484e-51,6.868948071545032e-34,0.00043531443609253097,5.468812460788536e-12,7.217972881550417e-38,1.248879704361921e-05,3.450074295782776e-86,1.2457935649306304e-18,2.3975254154343187e-13,8.186038221856861e-05,0.2654167708093045,1.672167548091953e-93,0.8303594625484427,0.0068245587876565586,6.066711793449461e-22,2.684603959080527e-33,0.002304175665559431,3.08109397459907e-06,0.086389534868524,6.700548352342804e-06,0.10870260035218703,1.223101571126819e-79,0.4059554916639736,2.845500377948001e-43,4.6186789677348304e-71,1.690927722565018e-17,3.193146065962641e-61,3.260687088372835e-21,6.107928350916678e-11,9.028828177011207e-18,1.0888065884783052e-23,6.282343992951026e-54,9.299782234820872e-20,1.037730873591769e-52,2.513465131837299e-07,2.566874693361221e-61,2.957450353248257e-20,1.021845412369307e-31,2.347775796741324e-06,1.0611595009436304e-43,0.43623161687060547,0.5954608207540137,4.988153724779495e-05,0.03711024637431857,5.15974758154918e-16,2.263114420403166e-10,1.919552889798712e-21,1.5937619204418807e-28,1.493055608738484e-35,6.4213897314734516e-09
4.0,5.5,5.5,004.0-007.0,0.022120014180262083,8.948389531125452e-24,3.8774651589237255e-12,0.9060051252825151,0.17307963775036697,5.665119383155507e-41,1.4469741424463284e-06,1.3495597589891282e-42,4.201017178627057e-20,1.641620082186914e-55,7.157331294258403e-11,1.796587715397506e-11,0.2908832941210869,2.1805902419097956e-14,0.363884343187163,0.09891917108225107,5.104768635441043e-17,1.8062319308875527e-50,1.1246914827961728e-36,1.303599010574935e-20,3.017791032158221e-07,2.029182861307519e-92,1.7510758344977884e-07,3.5255944308558744e-09,4.540885987515854e-33,0.724759791321622,0.7203275556948995,0.9510505900918277,9.550242952848339e-37,8.600118275666638e-32,0.862889931434371,2.2551871943883862e-79,0.18786477893467043,2.1802997974859375e-62,5.081761130208708e-60,4.049685171815533e-28,1.2297616040517972e-13,1.0407070741571598e-28,1.4467253925702384e-08,0.0135922682050783,1.3838623562838855e-08,7.70812250474268e-18,9.851099876434033e-55,0.028291810416671538,6.344568339469746e-44,7.538715774750194e-31,2.2317521956882275e-12,0.06423319650736194,4.3543017961981295e-35,7.616410689718918e-91,0.004242769461355615,5.823219965972494e-32,0.06825213368755742,0.004911779461869104,4.073058322208407e-75,1.8220447062175825e-10,3.680714103841008e-15,7.754558348412414e-10,1.4860684308254117e-11,1.444739624428969e-07
4.5,6.0,6.0,004.5-007.5,2.413411897747577e-16,0.28013271629752584,0.0704821196758099,2.6684902280196387e-52,4.6775686395727106e-57,1.356903908766209e-57,9.679381252184768e-45,1.725369462446232e-63,0.022218625660989217,1.0094392720596949e-50,2.1114250824375335e-12,4.2636838461536457e-26,1.875489124085742e-08,1.1074155990027985e-15,0.2187881453575064,4.4969398008425844e-20,6.810305680364889e-26,7.736813096878292e-09,3.883438660079964e-37,3.543589964599457e-07,3.2762675808635446e-47,0.010805290030592914,0.5358603246654455,1.0550837072245405e-31,5.499475274478446e-23,0.09540355218557044,2.4033666342526704e-39,2.9125873359760323e-22,3.2741901309294597e-21,4.3434083654017357e-29,1.2226530551020045e-21,4.3754699602037475e-60,1.1869563739269678e-09,1.2526053388683728e-54,2.3104275910233746e-65,2.5746081812446335e-30,5.373134567852389e-26,2.2906743239039273e-37,1.0489435399733094e-24,3.1196506187469225e-23,1.370642467626186e-18,0.2534272504083467,1.808033738704061e-55,0.5840658467127611,9.900189039897844e-24,1.2338308137773956e-05,0.45923088289341335,1.4058849570896934e-10,5.091079291673975e-47,4.186989219477803e-17,0.031382972946350604,3.760416475327389e-23,6.191097381508751e-11,8.297786347528598e-06,0.07419571016776673,3.0785880076912e-11,0.021243961613449346,0.4392608107786686,0.00020328292117161812,0.6454052212144646
5.0,6.5,6.5,005.0-008.0,2.158566166268565e-77,1.117465609669043e-06,5.450231126810482e-11,1.5396005391406946e-63,0.19490710508760528,5.775045531431845e-29,7.438668995129204e-23,5.077060806698632e-40,0.0034435423463355023,3.843555016290028e-39,9.766901365783407e-58,4.703747613046421e-39,0.00016927946849974778,3.947184834215653e-18,9.463224250033283e-36,1.7688563032524956e-40,0.22420171164430813,8.512608065745724e-07,2.443235022210797e-13,4.012062695948258e-57,3.113388578238805e-53,7.468042541162716e-18,1.3344235867931176e-54,1.293753702293353e-06,0.00039999130978335824,1.677608986709211e-20,0.8182116197861542,1.5771352109069052e-23,4.027726910561603e-27,2.778442343540529e-79,0.5416322129966116,5.926659423693161e-20,0.22943820327542663,3.646783099118217e-46,1.6989392545242627e-65,1.1839970961507522e-37,3.3455806269857146e-51,2.3722651500827496e-34,2.1803962838320424e-10,1.073563116351172e-11,1.224013531438541e-34,0.09174307288062036,3.6737021389709687e-06,1.0844769607041649e-05,7.584411743563027e-17,2.207176323681765e-50,1.2815646913953219e-12,8.37616037158905e-23,2.0690945001774583e-26,1.265609074240679e-58,3.580029783407593e-12,0.583724852995326,5.53935665313985e-41,7.728805178237216e-37,7.642021919647528e-27,4.628437465381553e-06,1.5054558603456202e-30,6.144609660773107e-23,1.4551108983653712e-31,0.00010479513330253423
5.5,7.0,7.0,005.5-008.5,0.41446700598343283,8.552802531255988e-23,8.896202438748122e-27,6.032027046807864e-31,0.7641069182988149,1.7943491099936296e-26,3.874946568490251e-54,1.1076430805075202e-16,1.2804565789860987e-05,4.765766319076438e-21,1.0747834577792056e-47,2.8743094574364575e-64,6.50553500344477e-28,8.878610426734998e-05,3.939950476709261e-108,4.148947931751523e-16,0.010271249831718867,1.1019600916942138e-17,1.8190187865833655e-21,3.0095592547818555e-58,7.061874704145636e-33,0.0004910687969531916,2.0453413803455187e-08,0.9708058044553789,4.0744160383718655e-06,2.9240705183226155e-06,0.00018698599824412706,2.3626486192621626e-07,0.00012661773550196045,1.3640946542686575e-60,0.7407442755193607,2.169352414415001e-65,1.6372411966185785e-23,3.001691534091446e-50,5.646406211200654e-62,4.565442722205281e-31,1.709731793433166e-70,5.632034109989235e-50,3.3923108415149894e-52,0.5378198371379954,0.7734668911554126,0.0016194272812192273,0.11624610324971404,5.155644162537698e-07,0.8258526406573456,2.7955224396911927e-32,1.3522527578930447e-31,3.105298803929102e-05,0.10461466498225415,2.653549401659407e-56,0.09688284218283577,0.015203895982797672,9.935087723910638e-13,2.3550526296919253e-45,0.00020665526259228004,0.047018773990258035,2.3823970564358183e-19,2.429750002996389e-50,4.449037226205633e-37,7.12830285948574e-48
6.0,7.5,7.5,006.0-009.0,0.0024210784821536127,2.9468504346978544e-27,0.7612758740977071,2.529978868253185e-66,7.6040096221058e-55,0.05450708564679427,0.002195914771401085,1.3582163179107063e-17,2.672207848872082e-10,1.2069796197518616e-20,0.20972060165344822,0.00020364277112220174,5.966917915191721e-37,5.3038752454597774e-17,1.7331952549210083e-07,2.4083665687802112e-64,7.694955608328485e-26,0.0008208632454567501,1.2268111673352963e-34,3.8113602484100655e-36,3.03738199601245e-20,0.0014302250444903502,0.0002767247198935158,6.046831530170544e-13,1.3163936024965517e-18,0.00950899043792953,0.003286188362495647,9.80366350581073e-50,7.140772831181155e-26,5.0421776438694905e-57,5.972637371013127e-16,1.8877193279921648e-50,1.3189638678533013e-06,1.1471448369283748e-30,2.7427460783126026e-48,7.846322457423963e-26,0.0023803224295062065,5.326968986749896e-14,7.84394987908515e-30,1.0085977343537854e-29,1.5628341544757645e-05,0.7609345668777706,1.2647362211490904e-35,4.6806406158321974e-96,1.9718124327117777e-13,0.000404704198569786,6.188188565810328e-59,3.2614472724146707e-17,4.28172368213839e-33,7.151084887496571e-31,0.45228510143347217,0.0001837701590755993,2.3490763039925076e-08,1.2802347574221366e-25,2.2040800002648296e-39,6.441455622608889e-23,6.925958191023372e-55,1.3579112133311214e-75,1.4319335991202e-65,1.3261533781652224e-17
6.5,8.0,8.0,006.5-009.5,1.0325446551207991e-64,0.07270734275104361,8.576406922998187e-41,1.1600996177349192e-40,1.0986244066941355e-15,2.0790578534547908e-52,6.169559571423105e-28,0.2233103453996185,5.846429332392529e-11,9.012906046401021e-07,1.462535883187879e-30,6.209944554486741e-17,0.0005673953826411573,2.59349958310584e-05,2.827183919305635e-77,8.2940441139695e-30,9.422562789967786e-49,3.885119856921779e-09,1.0933569991947334e-09,2.485230465649221e-69,5.646971151619133e-09,0.09557677543923555,4.0258569468755116e-22,4.226010849069562e-38,0.5054187674528218,0.3333212581822653,1.7135727002913707e-37,6.776262422655669e-43,2.2571277465667605e-23,3.9071453374484466e-39,0.6397158067080698,4.034734603892876e-06,1.4554381958897963e-06,2.0052033500122772e-23,4.923870515961338e-56,1.2862171010220308e-29,4.310777246846021e-05,4.452208397076117e-31,0.0006325365945723451,2.437327373798458e-23,3.546698414387054e-30,2.8102906347384936e-30,0.689928287945894,9.554815176541421e-07,1.5174859822131396e-28,5.625092538099685e-38,6.440626482778024e-69,0.5308365692802381,2.4599338536266348e-39,0.010183000410471708,0.10956025437113812,2.5362258287590602e-54,1.1897988265634076e-36,7.084695676717343e-21,3.435384002186864e-26,3.619154844058799e-11,3.7434083976090514e-38,8.86914540292042e-06,6.295733763353098e-28,5.76727313208418e-10
7.0,8.5,8.5,007.0-010.0,0.00163260201081658,7.879032503740961e-05,1.1520812887383074e-07,5.8083646190973686e-24,4.693757407351266e-10,0.00037499760451085025,0.047602260151018996,1.5366519570881747e-16,2.32307169005865e-16,2.2108271515396225e-11,0.02819933054690455,3.514250488446248e-16,0.020546782106820677,0.00015427206140993064,1.1038698968092471e-72,2.5654821425047576e-36,1.3022889185976541e-10,1.4933942498135487e-37,4.143974664612687e-24,1.4758772384200248e-12,2.3926820302375964e-22,0.10301453480889874,0.0019258158232393105,1.087381114393414e-22,4.981340081726286e-07,9.386782872421812e-60,0.10816390496099108,4.2274299345508144e-06,4.7020100769649075e-05,1.5297440261707675e-22,0.9861899912865033,6.885038147053188e-47,0.4780357956156918,6.542120460906649e-43,8.374084886386711e-75,0.253798275514511,5.380045499870434e-33,1.2161107008772837e-49,5.024239571320723e-44,1.1021994992800385e-18,0.6303285008013239,3.349542237051209e-18,2.4052594003287797e-16,6.116181530952533e-45,1.0647897367675358e-35,6.29702549810271e-05,1.0245994187756558e-61,3.7034196249414946e-52,1.0390918458742856e-31,6.880684620432142e-31,1.7452289811303617e-19,9.377642241571595e-05,0.037972922307336454,0.018181685780521328,5.679466906715326e-94,2.425587172865399e-93,1.004391917380514e-70,7.543521300847311e-32,1.017986440960741e-27,3.2001481261856036e-46
7.5,9.0,9.0,007.5-010.5,0.3139946887733174,1.1268335384740906e-16,7.75618375341365e-29,1.4911281852718193e-38,9.82244397270716e-30,0.0021871526407048745,0.6193842196366549,0.06384776562474292,7.218094545237088e-37,1.1536674876252148e-11,3.443442243064085e-16,2.504708936436445e-15,1.5503992590716135e-23,0.004042263593916681,4.056046639025683e-37,2.6317270500186656e-34,4.7543976339217046e-18,1.0185982635180242e-15,1.001410053209915e-27,1.3855314967865149e-11,1.109410326453461e-28,1.4386899711248377e-07,0.5452076795197306,5.751001990625226e-09,0.006192415693255954,7.387594298246909e-20,0.0002605961271435316,3.346665954416271e-32,1.2084823907644722e-11,6.110465727690073e-11,2.479083138812906e-28,1.9223389663406204e-17,5.443972962003121e-05,2.566954591142162e-38,9.422761633735006e-25,9.113622636348368e-31,0.018339547454800213,5.337372419552068e-21,4.944509268706069e-07,1.0065042519427996e-29,0.011820988167852606,6.608738144178419e-66,3.5561704631253763e-32,0.82635725308311,1.4442596245224723e-56,0.011393042544030594,2.0932481679514923e-68,1.232602926851389e-71,1.8651815874479007e-16,1.1152662044890935e-57,0.06514367550662543,1.2575363128734271e-36,8.178564873986098e-46,0.06880697546160978,1.6652873119626713e-13,1.3168059917338422e-51,4.267362017821285e-56,1.600409250011014e-68,8.162683369140479e-55,1.0685118583990957e-08
8.0,9.5,9.5,008.0-011.0,1.928533040547186e-28,9.237101825980581e-55,1.9602682989597948e-25,3.744501299632726e-31,0.47967861865500805,0.07521517430411984,1.0896577241395697e-09,0.001069305492662232,0.028047844398491322,2.1321557422444755e-34,9.705420220185485e-42,1.2704621130933678e-24,6.941550463853821e-54,1.281111435054124e-09,8.478962613051986e-79,6.192262979071725e-12,3.1822595425466303e-68,7.104288343504865e-44,1.0579788543586806e-40,1.2222768924011226e-10,1.4971981843680898e-35,4.200015348128632e-09,7.206584840504171e-25,2.465869259020741e-13,3.837269112899812e-23,4.843355779014899e-09,3.951066392674349e-15,2.333723977740906e-07,4.867091733721451e-21,1.388954466817468e-21,0.0026830650035999846,3.7633145275133954e-13,0.0001026441318788473,1.2350455787314453e-26,7.597298324175722e-53,0.025305759645058764,0.15022469216425635,9.682566094388167e-20,3.2220347953056718e-18,0.02348956818789446,4.6495736778387155e-06,7.942044890334074e-64,1.010314080118416e-63,5.225813329579331e-08,9.352522829858102e-33,2.071889252205679e-14,1.1198383898935899e-72,2.8964549213115984e-72,0.43710251358850655,0.4409051662648965,2.2064781192433912e-88,1.7693013233016897e-05,0.509369507306363,4.6205132611482394e-08,6.846665304326472e-35,0.05847074805983234,1.3448050908286321e-58,7.956646661918379e-29,0.7907104819766643,3.0292419272407418e-24
8.5,10.0,10.0,008.5-011.5,1.7614889811692982e-10,8.859492662652097e-08,1.1021090875543802e-34,1.001764617762265e-15,0.33335152762148024,4.589540985260101e-11,1.0620482633610219e-07,6.700357772942896e-06,8.133204191033577e-12,0.07937171753579128,0.3761251586628617,7.244832874564756e-05,2.146324058199949e-05,6.901977841729282e-06,1.3980435895491182e-10,1.9681333024474418e-38,4.5909421861214695e-11,2.1583388559024386e-24,0.0017697894041870034,1.2650090351104409e-20,7.791499928446783e-31,6.555349455156791e-10,7.212822705462026e-27,2.23241431558959e-08,2.2857555672950616e-22,2.077279471667296e-05,0.23616373926318215,0.0007240303709076209,0.16034496968539638,0.9667285756880124,1.020174850688555e-46,9.08472728963093e-23,1.8189447970940472e-06,5.501568931438966e-36,1.1805078536509182e-30,3.355450331409448e-54,2.734839890698015e-25,7.845321580636436e-14,8.665347547982783e-05,3.249869143586475e-21,9.06262921243774e-20,1.1532306704698786e-54,7.3458179276477e-66,1.5660613335313244e-21,1.1447561830131737e-20,3.254672708845802e-10,2.2133487770279327e-67,1.2817079670075394e-96,3.123020938704937e-67,0.000644919649402259,0.0019780221565367357,3.8228745627397664e-47,4.8757888125691427e-29,0.12580361385983344,3.5402733307361073e-11,0.3881344093981834,1.76378881749956e-38,3.6644487054334195e-69,1.0322015194318399e-16,3.445951084240029e-58
9.0,10.5,10.5,009.0-012.0,7.692639867992954e-51,1.1182881364734934e-09,8.921438923817595e-07,1.8111301593764683e-18,2.815493325696872e-48,1.4761773727924484e-23,1.4225686985128445e-28,0.0049108225332848,0.01377799866989707,1.1411818048506399e-45,0.002057688892803983,1.1935324052496223e-10,0.00011760823079579436,0.1519754504636834,9.760739172094866e-12,1.1815793662833296e-50,0.11505969207740348,7.146262317993123e-37,5.5347814853364264e-15,6.395949595711574e-34,7.408477029847746e-23,0.005107755408594856,0.17274968849729616,0.4437583234888393,3.076392536010468e-05,0.5205198525245524,0.02564506244927467,9.37966783169398e-05,1.4986911549892064e-07,3.2958993650425684e-30,9.257244469553357e-22,0.7995120133778114,1.1773535304751233e-16,2.496335955284842e-25,5.993600743900569e-31,5.654830172125849e-32,0.014762087337045381,8.599434003818442e-11,2.394886979653605e-22,2.7305994403788487e-21,1.7386844846561065e-37,4.43454810524784e-49,5.299606575348958e-31,1.5456198129172007e-07,6.907223811249936e-21,0.28954380071802127,6.641768653631066e-59,1.0077219640500216e-102,1.2197800721273157e-78,6.233668704113717e-09,2.727835908446228e-48,2.833350999253816e-55,0.0008982647261952725,5.777408174818851e-21,3.03366170350993e-20,0.06917068299852296,2.285177476648349e-53,1.0655479413799704e-66,6.502335010572522e-12,8.28451967970386e-16
9.5,11.0,11.0,009.5-012.5,1.1319047656848434e-57,9.08779373011413e-08,4.1326249375460925e-06,6.965151648080078e-07,1.5667357024775398e-63,2.0640822795215924e-18,5.863683155650707e-18,1.503752358292909e-25,0.9949452847976821,0.2056687153837971,0.0005501858579257652,0.09686035100192161,1.367966043370796e-55,0.8066001577231208,1.6157163569007404e-32,2.0135165163130748e-41,2.6307682348323597e-13,1.1428551679901449e-18,0.7792097042019184,1.13982715486163e-31,8.269332557948626e-21,0.014164299140699856,0.19647769956995126,2.595438946436526e-07,1.3582015187270305e-12,0.025247451760632065,0.00023116026321913605,9.893134718725713e-22,8.665997243984531e-27,3.9856737151958014e-12,5.580718261054225e-06,3.442970050392336e-29,5.355061578695203e-16,5.924920389049383e-38,0.009738932466036004,2.1190841152249562e-57,7.867779568731425e-34,0.24046672667311525,1.1871516067060786e-21,1.985499585799952e-51,1.4458196436287168e-05,0.01232495502492505,1.2458314965592259e-73,0.06222207187306524,6.1463781946362955e-52,0.13926893962314282,3.9109834759686844e-54,3.7308918809380845e-87,1.6139190227721547e-20,3.6921415938509255e-18,6.707580901662976e-14,1.9042230761169144e-44,1.6247900528168727e-45,1.347358816836103e-66,1.82922899878207e-25,3.445588587402359e-11,2.2017319379741055e-47,8.755321162060976e-57,0.33182232387131766,0.001933710079258845
10.0,11.5,11.5,010.0-013.0,0.014430192494507528,0.03799824537799297,1.0049354101132815e-36,1.822990166394445e-12,1.1802592098462984e-66,0.3543122758297245,1.8203658306877823e-53,2.7503787889912514e-06,9.517796709657859e-06,4.067853031617809e-51,1.3705481081631868e-85,0.03231027594721205,0.0328293946449343,0.0003820874811147094,3.49539726148822e-39,5.810358883810488e-05,2.3677716737586246e-63,7.622220519368812e-36,1.567103737715456e-12,1.250180146807037e-42,3.9114159609445774e-30,0.03212257833501445,3.902784768538825e-14,0.8540242774080556,0.3782379045148299,0.37889742958512285,0.003525783847447498,7.169592224819075e-07,2.4886955938501896e-08,0.04633047057275589,1.0075573139763564e-07,1.4824128727555677e-51,0.7614611986853184,6.104307658277063e-50,8.853937883591055e-23,3.7858368195615504e-26,7.009158968853439e-17,4.707189394683952e-43,2.8914101649483857e-11,1.2790099771068622e-43,5.891097859046532e-61,6.313106154060592e-29,1.2179016163325112e-06,6.506659971521279e-59,1.353306022333724e-10,0.00010458629573778093,6.892852497876783e-50,1.2132145356163646e-88,0.042861333809014864,9.265422437015019e-06,3.346739395614159e-33,9.828941226015535e-40,2.903469377680881e-14,4.0820704219857134e-33,8.02084272025931e-68,8.338221966910593e-63,9.56720399814647e-21,2.0546051466136462e-62,0.23258635966346466,1.76228098412243e-33
10.5,12.0,12.0,010.5-013.5,1.7955786000365352e-85,4.0277655825045624e-17,0.005518174522539637,5.15100514408907e-28,2.110444859478441e-32,6.58851931152777e-05,0.015561773197001392,6.812262059280527e-07,0.016998813935769727,0.039085496459057,3.360572917940107e-13,1.5751742323003487e-11,9.035532620225928e-09,0.0022825030376112127,3.3799624890821745e-06,1.4506153749273831e-15,4.777650719859023e-30,3.519065017579738e-52,3.105097236430834e-51,3.831469674304321e-23,4.429128137741136e-23,1.3894726363941338e-08,4.282756819097961e-51,3.1034045603513946e-71,2.6266054267108757e-12,8.947128387654187e-30,1.0149073246322745e-23,1.7755479407582722e-14,5.955938945135517e-11,4.445371813964084e-11,0.5305070947479684,2.2590479070343373e-28,1.3808817847736048e-08,9.324474685978975e-72,1.1295940885437158e-68,3.0908278589066665e-43,0.5873151123841437,2.5416304604234145e-16,0.03031331255542244,6.33068038956026e-25,1.194612082788302e-16,4.5773634148372625e-06,3.1331167829629746e-17,3.2018850356418258e-12,1.4472610612232475e-21,1.5507771457568529e-47,2.7035275344499125e-38,6.997308300565264e-99,5.601912102858066e-15,7.986208521273218e-21,0.34048078168697027,0.00729528977651407,0.00012356190050699163,0.0007353015937882093,6.292531770911397e-40,3.800985607164917e-37,2.7627665242008816e-35,6.251209767729767e-28,0.16875041680658281,9.606380640250183e-51
11.0,12.5,12.5,011.0-014.0,3.7871324396646034e-64,1.3750836421705438e-57,1.284789826279395e-19,2.828761198917898e-10,0.2561949079017471,0.0822449547479325,2.1345276250854063e-41,0.779839146779044,0.0013786254593757949,0.7869200500763942,0.9817886297616037,9.134656194326004e-11,0.9290645511421874,0.2370678586101419,5.2774887594500096e-42,2.4523031170099305e-24,1.1770205987681221e-16,4.2640446806191665e-49,5.102075435055428e-08,3.859519264750341e-53,5.227250458527024e-27,1.5851385159137756e-12,0.004529228469729812,5.423839913600757e-27,3.683115736971489e-23,3.9133336951055584e-10,8.676336828495254e-18,1.327512614741594e-08,8.99810840701271e-06,7.442077023802527e-35,2.8093283213808946e-40,6.09687503981384e-21,2.6999997651231808e-08,1.9517861688283578e-53,1.1790491055398513e-45,2.8038888143018147e-19,6.22269075984604e-46,1.922782214332023e-05,3.1732093138102595e-36,3.516566653478639e-05,9.654444120527147e-11,1.192802792312996e-14,2.8538509534322206e-47,2.119057602666323e-34,4.634470279565703e-51,3.5463447623526253e-53,1.4738905428469466e-49,1.5804753002504629e-96,5.86542243467002e-42,2.075635001077484e-10,1.563389291365139e-17,0.05439639183839083,0.2089483691285005,2.0297366355315987e-32,2.2116307362805294e-66,1.4865464695419853e-37,5.1305694742261856e-54,8.158290876684083e-63,2.1966657889405895e-10,3.249819575438739e-49
11.5,13.0,13.0,011.5-014.5,1.98831642905306e-38,1.7438423918681995e-59,0.00021586582754062322,8.375241832655719e-56,3.057966787098526e-45,6.496195588117063e-33,1.3371671083021763e-12,0.20193762266743356,0.0027545555058421157,1.8180263861103704e-05,2.9469302109705453e-27,0.46062936670214194,5.199735977479856e-26,1.61417746561393e-20,2.7744140996129247e-08,6.824443904691792e-16,0.02043501009976739,1.0786096115120647e-52,9.784822931713864e-25,2.1293790772916454e-35,2.876432771289195e-12,0.003601319354028145,1.361172752989412e-37,0.0020776044419335816,2.7583094970786477e-24,7.870955814206789e-69,6.818724764070241e-21,8.856497414004108e-13,3.421810672591811e-12,0.08817762382560006,9.771242894109483e-34,2.0049430889354798e-69,4.180522217196487e-18,2.6053900907896738e-48,1.4480796368545719e-61,7.821851008413447e-31,0.014252224671929315,0.0002689397603846115,2.229118031005135e-12,2.6779575373146888e-09,8.734780871582303e-24,1.0380282652164829e-11,4.8029979346523654e-05,4.886144653028264e-06,8.888349061802947e-30,4.755305061335775e-09,7.56337720632504e-37,3.2391188588656798e-93,4.884099144585409e-33,0.04828354928004812,0.0068240927310174015,6.208482560567958e-19,0.008802932234854859,0.6192044843085047,1.2449962867440728e-25,3.4808366987926095e-15,6.083902562349681e-43,1.818405733094334e-49,9.083363302703406e-17,7.841052118028939e-55
12.0,13.5,13.5,012.0-015.0,2.546412259316886e-23,1.1630938057324694e-27,2.165711951269678e-09,8.318883267746834e-34,6.797391599038819e-62,1.380170165281475e-11,0.8695953572523335,0.6420495989623204,4.640117095874727e-07,2.7577998124941926e-44,0.0384055190717504,2.1387151568767847e-30,1.056687729842794e-05,1.9674669270684887e-17,1.9469954468901507e-64,1.0355564785800545e-26,1.0332285046011686e-22,3.435869514443327e-27,1.2906341769542494e-40,4.204309375356711e-11,6.221260426112514e-23,0.0003685867547568347,3.496603783542608e-36,1.9675637263689099e-16,2.643465575696016e-18,5.528094766582878e-37,5.62700631223467e-09,4.132798533196402e-06,3.843877579974122e-06,1.964902431051336e-23,5.2376954971544437e-23,5.299242473978649e-34,0.17061601061055998,5.849562654731176e-40,3.99169861489128e-13,7.796989224826635e-55,0.00014620970007661857,5.088206164193289e-24,3.6018191150590337e-25,1.4311574314641754e-34,1.8633863113231913e-13,3.5612595395355683e-06,0.7945655909785487,6.440246074484943e-14,7.404571792613095e-45,0.8664195099376186,1.3000777686641554e-35,5.289784319142621e-99,0.8324049827338779,9.193228501486627e-09,2.7109956559335365e-43,3.849549290919528e-11,6.7033720886894e-15,0.08612141869151099,5.022390503592713e-20,4.463383977255322e-24,4.532615414227983e-27,4.2876450232670674e-51,0.11629786466015929,1.4648480372746236e-17
12.5,14.0,14.0,012.5-015.5,0.0001637921388111883,2.6249698295463983e-22,6.033877845892178e-55,2.5909032795910515e-57,0.0013059992276336814,4.577068996587031e-15,0.001044263892632536,0.48006415944807385,3.2260812245432983e-19,6.363470446895584e-12,0.2209560503436898,3.242966923474354e-27,2.798527451305517e-18,5.038785916811967e-28,1.2130740572272116e-10,1.2104153160485779e-57,1.057719541601787e-05,6.04419027453222e-15,1.83367015850271e-22,2.3233038624721845e-36,6.748295680747831e-27,1.5780916196222352e-49,4.270197221339661e-48,2.02704418645276e-29,2.511760397636455e-07,0.0013285681036777494,4.70307261443066e-07,0.07194424133340835,1.7459036676410924e-18,2.5227099968512026e-55,0.27826280275254645,1.6775902818459167e-30,0.05659389374317536,2.3817882872498315e-44,7.742627274601882e-25,0.00840573985834199,3.141844367466803e-07,8.8670614736457e-27,7.822394658339518e-37,4.4858203137785004e-07,1.482824846762603e-06,0.05147558677184206,5.118381752823944e-05,5.014836142221852e-85,1.342447622099614e-54,1.1510548767954682e-12,1.1728295586954197e-44,5.437109273105462e-71,3.474110498491234e-21,4.6753450986925456e-12,0.01684462491388072,3.5712064722372215e-49,0.22886538301532952,0.09117101899676709,1.577755643015527e-50,1.3671796382761304e-44,4.874525909995328e-15,1.4707849155368096e-66,3.7266207458042295e-12,9.603413875494812e-18
13.0,14.5,14.5,013.0-016.0,1.2966286226260353e-39,8.584445057167265e-36,3.911468385902645e-20,2.6774096540856427e-22,2.881715328926862e-26,1.6259015549204198e-49,1.3870414961003021e-28,7.750490847781281e-08,1.2604478512117356e-24,0.0825693137088405,9.381065218593585e-83,1.9913653588731796e-23,0.6707583645969518,3.4791676600844198e-46,1.83433064839206e-34,0.09136611819896312,0.0029836461244546913,5.180359599501834e-26,3.257766926351819e-05,1.815540279027413e-11,5.4796472388694496e-11,3.854022792172896e-44,6.4448185234700475e-06,4.7705233909829624e-23,1.199848038579993e-26,1.6842514828792826e-39,1.9114396609650483e-05,1.2536867838982954e-26,3.080924051738254e-42,1.2395224134716448e-46,9.081933311869688e-36,1.1199918668369112e-13,0.25271745164581644,8.515610267478495e-13,3.855300663306324e-34,4.932032616510962e-34,8.647715639966397e-38,3.395687442956206e-43,1.2060044124925369e-52,0.04975299081258594,1.3216420223817914e-58,2.9300451718262457e-21,1.217341836091353e-19,3.6246534106989224e-28,7.094924182277533e-85,3.0426309176292166e-48,2.2769872314015673e-55,6.201040267917072e-65,3.5295300493557305e-79,6.259310574237368e-05,1.4359407672226956e-82,0.13490598283387817,0.003872252637279589,3.215496264737046e-12,1.578121596280685e-07,2.4618505471806174e-30,3.6215687896465207e-38,5.758642275782856e-75,3.43911143782855e-06,0.0014567707682475945
13.5,15.0,15.0,013.5-016.5,6.714154185519761e-32,8.841448656773075e-41,1.8976994212896727e-40,0.006904138604329981,1.2840315481238106e-24,0.15072083360329647,0.015907717334710116,0.4382865029912865,2.697388203303985e-13,9.680615397053862e-36,6.740843131634155e-20,8.648915705639806e-12,6.829541335827126e-33,3.9579748450589e-58,4.038013898685911e-36,7.076873627236312e-46,2.725538530661729e-16,2.5674087494669517e-49,3.479829945584297e-24,0.002068421310968009,0.00012182784698945073,3.604356217783823e-07,1.0940045463643003e-32,1.1001617522174648e-08,3.3621546068467633e-13,0.27247715054927274,4.5567054950402744e-23,3.0010829368623423e-32,1.8931910020754186e-05,1.636288954498796e-44,0.0006145559557291609,0.018621854645287872,2.937755256538e-27,5.788598038160607e-20,4.995943741352184e-12,6.429217507197348e-16,3.8911966815823146e-35,2.013307013277066e-105,6.539220880360171e-12,3.210150135589865e-27,9.497146428795172e-40,0.000266872780785729,7.516582523125404e-64,3.696774544437559e-23,2.0164152078221583e-69,6.781664004424211e-32,6.749152624188504e-51,4.752760715823503e-44,1.2864802075616907e-87,8.591631456206587e-31,0.0007771323787798742,1.4791706984999993e-27,6.461195046813447e-32,1.0072751051758346e-21,1.1267951050052648e-10,0.09752818532823011,1.4263254593043819e-42,1.578821511723528e-65,0.1313444683435443,0.008740954938230697
14.0,15.5,15.5,014.0-017.0,1.883710316149702e-43,7.687841320346166e-16,2.3497371625214302e-24,3.61415925548287e-37,0.017655370303849966,0.2076393906515384,8.288169707663045e-44,2.453039655001959e-18,3.12944609799202e-50,0.09466547037321466,2.2312687909031033e-47,7.060788000594303e-33,4.6288064333040055e-25,2.62737099622821e-41,0.9136262512251659,0.05288350810826106,5.184091189337216e-21,4.084064155955308e-70,1.2925549357393512e-14,1.3390373907200515e-09,0.00016170942516708864,2.68719221582902e-38,9.375914490927612e-40,2.2334023010561698e-14,2.2918808997785194e-44,4.3210916352534264e-29,5.171653492111471e-11,9.201932186202212e-40,1.097469262941167e-33,4.237688440653948e-06,5.607964426907896e-09,2.902643323775117e-16,6.619959808443485e-21,7.920450416707531e-05,0.6618826274930658,0.0017468980443922893,0.00034013706515345285,1.6700315478570752e-39,2.0523060649370302e-32,1.0531312678644942e-32,1.7014711985574425e-13,6.3716166250287446e-49,1.0252224173386681e-09,0.00012654557443317628,8.269945815544032e-14,0.00023961978330391234,8.555153803761316e-40,0.14254963322911424,1.0358770342756547e-08,5.480674326217159e-47,5.450202760038014e-21,3.474703208481548e-14,9.20215574797928e-06,1.9792111540760477e-05,8.025381454125982e-35,8.19264929973562e-20,1.8646762718643578e-34,1.8007119270853144e-70,1.4858585952405459e-15,0.7659824968571798
14.5,16.0,16.0,014.5-017.5,0.000693011224368411,7.430633393834724e-19,1.2221354432043258e-38,2.4113588599826155e-51,1.2739686286352353e-38,0.5611577847588952,0.0018282344012742245,7.623001909819423e-08,3.865228026478779e-37,1.3276871464381654e-26,3.472840538274589e-15,1.250072915088138e-12,0.8717624777779133,4.17900213183341e-64,2.631800563530551e-17,5.642294980782301e-38,4.795499323598313e-29,2.5703696834204337e-65,4.6874730018083336e-40,0.0032561481041321204,0.009797894988154142,1.0810807918702801e-24,1.406382375517673e-25,0.048953663412743986,1.5670663310937863e-12,4.3432205097530084e-21,6.913823666419814e-14,1.4493592720921185e-67,0.0018749622427820794,2.847610401149824e-42,1.4753527096770128e-26,0.1952675258970698,0.009672484129183267,3.4038649694094825e-34,7.749777914471096e-42,1.86179692861304e-21,1.0715468834064712e-05,1.731532026394787e-11,0.36963084318450345,3.233668771578625e-23,2.2663178190419703e-11,1.645892668688861e-36,9.773226996839398e-22,4.8189239696296705e-06,5.700150888186149e-16,1.379495247939376e-64,4.780523544491885e-43,4.7858557150777066e-08,6.904056665336605e-16,1.9087182177556255e-37,1.3758469898066514e-08,0.14941691644652189,1.3971006178127917e-29,0.026825776617352387,7.814381007166169e-32,3.508245052010657e-42,4.413595752341765e-51,5.747276674025805e-21,4.242763688396651e-25,2.9647452148914303e-38
15.0,16.5,16.5,015.0-018.0,4.393936119201244e-07,1.2267633977854986e-39,9.479182665489307e-15,1.6096673211326002e-28,2.229225429622043e-19,1.042512132838153e-66,4.018061662433242e-15,8.186581581234529e-11,4.0537811247671596e-33,0.011842291565165248,4.183659016043293e-60,2.487681996720203e-18,3.960085400326665e-16,1.2905276255622403e-67,8.953051911593433e-37,3.695175138991667e-30,5.8506541874196036e-67,2.620416727093254e-72,1.3915712952496484e-30,0.5492144718427736,1.2563291632655792e-32,5.87610097798523e-10,1.8455533593231164e-66,7.524021473331666e-16,7.900123534650274e-17,1.5003917146037332e-27,5.006397701857709e-46,1.6670561861348513e-37,2.2869464684739315e-16,1.0204067111660352e-33,6.163945263159322e-20,1.0014554916797182e-06,3.611600361856522e-36,9.742541659585062e-53,5.221046374746219e-40,0.11083364290751442,2.463325031454643e-10,4.865214902295734e-54,0.28267907504253104,0.004209558693429515,7.484305719642924e-13,8.814944273672918e-11,0.8184184797073631,3.773910221792456e-09,7.18204903985441e-11,6.058971293263971e-69,3.452576609469023e-06,0.02188657594989133,1.3107431732232233e-58,3.7876100602548953e-07,2.8814468104203975e-15,2.20391471017021e-24,1.0840922357044089e-17,7.185952567578983e-19,8.338716179683716e-30,6.441545501787556e-53,6.229550339729663e-29,1.6731384843182667e-60,0.10075657542971468,5.901568427261889e-35
15.5,17.0,17.0,015.5-018.5,3.6180408759188926e-48,2.7323037489607154e-80,1.206653870594412e-39,3.5245187194666045e-20,2.17409644977746e-65,3.763929623199842e-59,1.1559717376374507e-18,2.2927311096738994e-07,1.2817491063609427e-30,4.097635148561705e-17,1.3966219120695678e-06,4.568064274840504e-06,1.0902165452150019e-08,1.1467424972732144e-37,6.139738045129579e-05,5.534662892168624e-08,5.5211271977375796e-36,0.020791096130961768,0.16953125768183377,1.6061661632999387e-14,0.04409187695982202,6.159721280909572e-51,0.09875676451046522,0.00342690633751231,0.009631851199223107,2.795911003084034e-75,1.3083482515231134e-87,8.162092795219826e-05,0.004374444327995004,3.002363264853775e-47,2.8378898882766257e-10,4.8708907973829775e-14,1.6007403168713847e-13,9.972412019181015e-27,5.699424142139745e-45,1.68370607566929e-37,1.271485497337427e-81,4.6411513971210156e-23,0.04444123970303346,4.78946067334221e-48,9.278868683161646e-34,0.009605040477480897,0.8618969228403371,2.510202891765124e-19,0.05933003223438151,2.3598307784327273e-26,6.557933211072033e-05,3.368843515375292e-77,2.689499410059549e-40,0.013978155500554298,0.00014491924159540853,6.534384696663068e-07,6.696353104423174e-21,0.0010563549017666087,1.4106510807890837e-56,8.067515388023817e-22,4.489464711571779e-06,1.9048586938751227e-51,0.009079677703368198,3.515223071412781e-72
16.0,17.5,17.5,016.0-019.0,1.0085890257763366e-57,3.662830170585259e-36,5.132681648813952e-48,1.3786441169760974e-08,3.942759164982064e-68,2.918989616047881e-105,0.0036044274699025425,1.1854316028836925e-06,4.663754767764034e-32,2.0906894532843617e-19,7.469914667325008e-23,3.205477176854576e-37,7.465108494476465e-25,2.0974136550014786e-36,1.8853562471975816e-72,0.5848432928817648,4.0333038425251736e-55,8.85158600497028e-18,7.627423915368271e-56,0.000384209343876561,3.578895068019609e-43,3.058891323901248e-84,5.925394421617502e-63,4.342471766991999e-08,4.251215758994825e-17,6.733864513546309e-87,8.455933411499076e-83,9.070111637563976e-45,2.337737615826679e-24,1.649522948806312e-27,1.3135274862028889e-51,0.031036876765159285,1.8526409437530598e-26,1.0521926546626635e-24,8.23834168006145e-16,7.257076729147191e-25,3.0215332752453097e-22,4.786798991462008e-15,3.676386605848296e-27,1.1827711783591378e-30,5.958210037638181e-10,0.5475631080322075,1.5930423224834072e-38,6.035346515918324e-07,3.025390119204186e-44,1.4706695640859276e-61,3.0874313555742685e-11,7.279266191532864e-71,0.004434355216099287,2.4762640883236467e-06,1.2461016538588051e-21,0.8095128717450828,2.1270617498103057e-72,0.513060625531463,3.6208147558923885e-12,2.0712576183689494e-38,4.6723823574143974e-18,0.8333928553337117,2.392183154559822e-18,6.828604867944023e-29
16.5,18.0,18.0,016.5-019.5,0.5479840858144333,0.13614211268720236,6.494318651694825e-37,6.012209506878162e-38,4.6667002746311336e-70,1.974089169014646e-81,0.17340846393607512,0.0037347664548740347,4.4665625464300793e-32,2.7931401803361335e-25,1.2356102858704027e-46,2.352060499648675e-78,4.521951757726374e-38,1.2892856439280934e-12,5.6055894338348554e-06,0.019244757929430326,5.359814067343003e-58,5.3384368039103375e-48,1.4820383490861376e-05,6.016452894310711e-32,7.906840737128111e-24,2.0615953864669354e-44,0.658733251295947,0.00021141397122928632,5.635014349813594e-60,1.428011506497477e-14,4.63472370318401e-97,5.855477207738707e-47,5.862289696268991e-33,0.06835199252216788,0.003613286830191752,0.04582271519476054,6.891275501452487e-36,2.7806220643330844e-10,4.668466533528069e-22,5.6213241227724106e-30,7.968219048438318e-25,0.9924154690699762,5.398846951068597e-06,3.4253571552275697e-31,0.907776859337039,6.561299143000025e-47,1.6352344839969364e-08,1.6934404233417665e-81,8.232214658990941e-38,0.14727642881093156,0.1273755231606188,3.246575304995433e-90,0.6345401267232662,0.0002934303813764722,1.8836493531465e-22,9.133414833136173e-08,6.344843360691293e-18,3.7417993827143774e-06,4.788234835104509e-47,1.6483164810323936e-35,1.8898644516195455e-07,1.0242062050002016e-19,8.660447484645627e-43,0.15517517359438962
17.0,18.5,18.5,017.0-020.0,8.246955962049765e-60,5.365848747647813e-42,1.6517726075812985e-47,0.2849498559661196,7.500397453043233e-69,2.341295680709965e-10,2.8876148463159024e-65,0.4954953828016726,1.1027360206755223e-15,3.0993931495313217e-09,3.5467892518173306e-17,5.055835180896607e-87,3.490277683216819e-80,2.356993130113253e-50,3.8802171581651836e-33,7.023455431445606e-08,1.0828076212959336e-46,5.6529121523612045e-15,5.775542295046214e-11,0.003047552575111247,3.912420917554123e-20,0.00016336248592022318,5.31494203998378e-59,0.11742053455633722,7.921165438496666e-15,6.540122329507502e-16,5.0427895706550455e-52,4.590332192408449e-107,0.28643383319511356,1.6042146555882617e-27,8.527347319398548e-69,1.967066907273904e-14,4.8899385381260535e-48,1.6256737021551726e-14,0.0002817903090590467,2.8057363366777994e-05,4.4860654489662345e-07,1.1600760247139633e-13,1.4533553581861147e-27,1.9886957588977835e-17,0.0017267088213515152,1.4851764261677157e-06,1.4464628033902146e-26,1.1665768902855163e-24,1.1827869968775694e-11,2.2395292188649524e-55,0.00019756271081207075,1.3838413550597386e-80,6.4423287526597024e-62,1.0444451804668819e-16,0.00011722255746218267,0.009210547585406311,1.9139643578903626e-08,8.419339117111179e-07,7.700597589845303e-29,0.0006619607048717111,1.7583429765712917e-07,2.0013184256418177e-27,1.1583492341553636e-13,5.351554213761908e-07
17.5,19.0,19.0,017.5-020.5,2.370172712106032e-27,6.205248448446072e-41,7.432975366765697e-17,0.004354414093263658,5.5501939466604045e-12,3.982935940205445e-14,9.395211847552933e-105,2.6938499125495595e-25,0.02121214041976097,0.04588365247782587,3.8735188238274875e-18,8.860930019549892e-78,1.321830051054752e-63,1.040025521561938e-24,1.096861092499841e-39,3.693209678089035e-43,2.684178076835019e-20,3.705339090713255e-18,6.925337180157517e-37,3.997459973180029e-09,2.1194537626954513e-12,1.9871579518804177e-06,5.5013986698818304e-43,3.0624997766289704e-25,4.215328244759418e-13,0.0267327520969076,1.5313334020095186e-57,2.1978983953711046e-15,6.646321329432493e-42,3.695826829408702e-24,4.751813193472336e-24,0.18002779890164725,1.7634208096114235e-10,3.620063138357725e-09,1.3651684600554203e-21,7.765058291782448e-33,1.9856977886942297e-32,5.572966638788429e-47,1.2277591919411584e-22,6.769595853372941e-13,1.0302674852084678e-08,3.213391397672423e-26,1.5770710642583684e-28,2.39540867609073e-25,9.740676079988517e-22,1.1585344218044918e-24,0.1158495590267514,2.2352383680980865e-55,0.011824509244461809,1.2382946470242991e-26,4.335740456555752e-21,1.0483536991178652e-44,1.4336180739584913e-35,4.679584746785452e-13,1.2697395960086643e-17,0.3556907075126153,9.850755926886304e-30,1.3337184717831009e-61,1.3516568694378115e-22,0.9156440273080326
18.0,19.5,19.5,018.0-021.0,0.10051588157028223,2.9437712040473097e-46,8.069999324732693e-39,6.223923407982565e-22,0.0028691194240645923,0.06469959928459866,2.0514649001517868e-103,8.197870608691113e-25,6.089795398095098e-06,2.0325838430195605e-07,1.9840121088446268e-70,1.2312427097651674e-18,8.669624036908101e-79,0.26395453755164944,0.6623276216019253,4.270452570063885e-11,1.0573658887323052e-57,0.597423507760731,4.552507025723406e-40,2.894462956314841e-08,5.919000046441706e-29,3.09831906036917e-11,3.40928951585141e-62,2.0154379083578947e-80,1.5985461288139956e-45,3.1713627403858235e-43,3.066229762224413e-07,7.264525250966081e-57,9.008215300785785e-35,1.135295471231657e-22,1.937689364219591e-53,0.2689873372928057,4.0053912737488747e-26,3.09606875124632e-11,1.2515138292223982e-05,2.3905741947083628e-05,0.019616054494981945,0.006460093532226853,1.2229783109019446e-68,5.737459085544632e-32,1.0964693458534106e-05,5.671039504754102e-25,9.32818279608069e-40,7.111111727845451e-15,0.0024602927324210663,4.1339306305747644e-15,6.746636945953537e-13,4.744204688908151e-16,2.0304459627107318e-75,2.4132027729560726e-45,4.795389799559147e-44,6.4573542495731365e-37,3.711067536881538e-108,3.89066271051046e-05,2.4583379029621614e-45,8.608893394246246e-11,1.5410272328445596e-66,1.5201796839013032e-34,1.2125907418006515e-08,4.3757633752606097e-73
18.5,20.0,20.0,018.5-021.5,0.0009151075224886355,0.0004524740725107637,1.3029908770177191e-23,1.7417774693049537e-47,4.9413071825708923e-33,0.023634407569787734,1.1209557076390993e-111,1.3444944641372633e-35,8.439699955822446e-08,5.2167009610994495e-23,4.2318034389586656e-08,1.3430579543714465e-81,3.271646522937122e-85,0.014529686507931246,0.027498134996543334,1.995517706136845e-19,2.679614498814878e-43,3.4070345749453714e-36,5.545138738645204e-29,5.809300199688667e-28,7.411820054289674e-23,0.845302507572774,6.135077487496217e-29,2.77908393965717e-53,0.06441138380296026,2.495868010648313e-11,2.1620521721138106e-17,0.002531190198922922,1.247920774476136e-21,0.18127706395098558,6.340139364689476e-05,6.639127944412617e-10,4.580369671805526e-29,3.3738564138224045e-05,0.00015935065769154743,3.453747359722008e-11,1.0044554946064756e-44,2.0452813420276296e-13,6.747143628945739e-06,1.7046227759906422e-25,6.812700779393628e-25,7.013030458641841e-63,0.001280859101015265,3.3983961724160713e-25,8.915880830265714e-06,6.841341797876886e-22,1.646070768519215e-30,2.427992582681704e-12,2.458406934030756e-34,4.298560820991494e-18,0.10426244675143419,1.548420214302441e-67,9.70878449458964e-37,1.0515501550182265e-33,4.4662914845410204e-07,6.740209029663672e-06,7.443416046988219e-51,2.6246248911004454e-22,1.99431001710282e-41,1.3034452096403168e-34
19.0,20.5,20.5,019.0-022.0,5.24342057864531e-09,4.8529687511885174e-49,3.4442506327893386e-32,2.2341595647327213e-05,0.0024733915849706723,4.5587074941503783e-17,5.889352443873258e-131,0.5900761487236307,3.6870701584040653e-17,0.14644784426732285,1.7777429682828483e-07,3.9672596237334704e-70,5.481108293017275e-63,0.0027617441890872363,3.0884349913048717e-24,4.653795022886402e-13,4.1077368352183586e-39,1.252210017777792e-62,1.5125127591153398e-07,9.206722822262237e-65,0.0005014421505127835,0.7511291929529111,1.4804760901183398e-62,1.1010050588233254e-37,2.527357374179546e-67,7.567215854823807e-05,1.6102443141741694e-27,4.3579886961409345e-41,1.4933927493489244e-25,9.29445364084662e-31,1.3438168935930373e-16,1.9683824481337337e-35,0.7505276481304259,2.8806665401741508e-36,1.744787118737275e-14,0.00013867061472856346,2.591767845222033e-18,1.3161562100295245e-58,7.226682584558325e-36,6.29824723521253e-13,6.924135933999642e-41,0.0008921101230513471,1.8896027535841485e-69,5.957320524679578e-13,1.37699982175381e-32,8.0826795745575055e-25,3.0681930788462737e-09,1.3990446754584782e-27,4.176540832947162e-18,2.0055165664358515e-39,4.783750245860414e-74,5.087492221825436e-56,2.777094708430857e-65,1.6029400021363067e-12,1.573414937692934e-34,2.691183277918246e-17,3.9473292219779185e-06,7.275011740726516e-24,2.979026542865898e-21,4.696227333660309e-52
19.5,21.0,21.0,019.5-022.5,3.8778954881701914e-11,1.800712835882309e-53,1.6159736170324666e-20,6.037451662042011e-19,0.19596611018673538,0.06294712286694196,3.249631708360043e-130,0.010407074788687293,0.09586139238118677,3.0384824187342296e-10,0.026433871334620513,6.136115054006268e-36,1.5340336969603978e-54,6.911419183751849e-11,4.77587183911047e-81,3.690185138595597e-41,1.2531216282214524e-42,6.567795287422869e-34,6.8032759039179425e-62,0.9668412821493787,1.190777954362851e-13,0.027286884298026216,8.240189441525071e-34,9.882427572842186e-70,1.0572188209561368e-34,7.115062784186676e-25,1.2229287591236622e-45,1.3401708811408268e-41,4.829560596984166e-40,4.556508198184926e-05,4.96367927863765e-21,7.44758730118941e-40,0.9756382522341874,1.0612908687990482e-08,0.22098012346516674,0.00022532598955464915,1.7153489972912752e-20,1.5242411808833677e-18,1.5306531173510336e-21,8.698344310999906e-39,8.495829887927744e-13,1.0269391705265663e-30,0.7731595977456001,0.24547403334369008,2.191730455067566e-05,1.0624035749263408e-41,0.15012184526646088,5.670483423236482e-10,1.5212647537407516e-11,3.883445636438947e-40,0.11488629242086482,1.7747923935644327e-26,7.762657253009768e-100,3.2317624018781722e-49,2.850765700341112e-18,0.7600220188703976,4.108473463917806e-11,9.00404235900726e-89,6.398453474661662e-44,1.4300180920710164e-78
20.0,21.5,21.5,020.0-023.0,0.08771813603734753,1.2150780112827456e-52,5.241051074243438e-60,1.6942822215272737e-15,5.581576108209976e-21,2.944793962444088e-10,5.087197229520943e-96,5.702928552652975e-07,1.2645708838491804e-12,1.979178022605852e-22,2.0433311485953893e-21,2.932073738798186e-81,1.0155010257198913e-80,0.12139236156037875,0.023332309871501315,1.635539801160909e-08,3.6771253159196165e-07,1.940432069375136e-13,1.7559325774024843e-31,4.8900137138707306e-18,4.878177892306013e-05,0.010495011547382607,1.2812875901787582e-77,3.4464346189600364e-05,7.155193208743036e-36,0.023938228002147476,0.31441624887425396,6.29597288385455e-36,2.4905587338017485e-51,1.6405826282965719e-44,2.8408042126729796e-58,2.771990459550322e-29,0.1169898484505882,0.9657964540636012,0.00016262312362241737,0.00012620538339938768,0.00031947124881353883,1.9294294353674836e-19,5.299740828192666e-23,4.225385850582683e-65,7.493808118549036e-05,4.778732811765673e-15,5.58214472608829e-19,8.029146452511736e-06,0.6259365834250481,7.777090233099422e-33,1.3094451545082212e-15,3.649996514841506e-21,3.746543213483037e-80,1.650275187890139e-07,0.3987967706189898,7.687256464710504e-07,8.438887168914617e-39,7.838590248946496e-07,3.852093292943945e-33,0.012441019825522039,4.201222121380061e-19,4.72126515107261e-48,3.2106557746768115e-46,8.3385696383451005e-22
20.5,22.0,22.0,020.5-023.5,2.4509109188264615e-11,1.266447678505023e-51,3.098660339236625e-45,0.0034991096858488753,0.18909202266048636,0.002407426422151543,5.72208820719955e-43,0.46868146998112487,0.5951518337511561,0.08020649161757812,0.027170548132587853,8.239376698258954e-69,4.403809983254729e-74,0.02759045600308469,5.518514720225861e-09,2.809343287787104e-28,4.076499512323916e-14,3.0932424379874693e-06,1.0286634734259667e-76,0.2100427254808369,0.0015177243325755231,0.8194701138906286,0.004694794020026283,1.1298315041251674e-18,1.0738285321824611e-37,0.000936376449619593,2.162437345383778e-53,1.4700483479244483e-05,2.774866050705155e-82,1.5006971699001355e-18,1.89284432797834e-13,1.3482559426936594e-38,2.5549428734860824e-09,6.984967254255504e-06,2.642287014093268e-17,3.237475131908937e-08,2.430918873799346e-22,0.6334425601501062,5.0080806519055594e-46,9.328023403553945e-22,0.016442481222500804,5.396438038278184e-10,0.005193842165946105,7.0261906836248e-27,2.3934326220929553e-06,9.136168407792826e-23,7.823663335378296e-34,1.3111419212288233e-35,8.971322343308894e-11,9.212918104941041e-23,8.056555352378023e-12,1.7291536922135683e-10,1.4232124292303906e-25,5.677112571290541e-39,0.06131527274543029,9.330699052049204e-83,1.4709190040819534e-22,4.791206822688828e-23,9.928231267728565e-37,7.982354578466376e-38
21.0,22.5,22.5,021.0-000.0,1.1460741424839307e-09,2.1485536505727677e-57,1.5198330881689987e-24,1.2887895298792834e-45,0.11449173816325749,1.261752285148322e-27,3.9211040140789546e-88,0.004629750489382661,0.0003498098791049457,3.668745176662289e-61,1.501026215393912e-38,7.274456175005609e-45,6.672961702379782e-68,0.8274159640123896,8.621995386093181e-08,6.192445164560963e-38,4.346027944001886e-22,2.983414167444374e-20,9.693237995230649e-51,7.043466178773504e-05,1.1212838114333088e-10,0.28210742173215647,8.407588035946462e-39,5.346034313549106e-76,1.2889032910832806e-61,4.793210591242033e-07,0.9133805657997158,2.1538012631361752e-07,1.4760380855313273e-61,0.2251918167085699,3.2578255067000086e-05,0.5904519627227643,6.999416982583938e-34,1.2538663619837603e-09,4.6033183665866605e-28,2.042927540989982e-07,2.1244745879881468e-05,4.701610539629914e-51,4.267234524969734e-53,3.2434451291648525e-25,1.111180189779595e-28,0.0010926006212377021,2.0437284218253582e-13,0.0002634679357132513,6.37712741335363e-12,1.1381763158854733e-12,4.177858803755133e-26,5.152611580910713e-31,2.170051033845547e-37,0.0014891857841140212,7.01197981625659e-11,3.242278942729131e-63,3.872546345046775e-07,3.30748710876128e-09,4.3530023355354373e-36,9.26577290745138e-08,8.02039426576105e-40,2.1427617496080172e-20,3.188315716393355e-34,6.06924942387211e-11
21.5,23.0,23.0,021.5-000.5,1.3291442388634012e-54,5.53922091493637e-47,4.3144925194608737e-47,1.2488439140504087e-23,0.28464899939945204,2.80751145562257e-09,7.085760240374594e-62,0.31205604090415456,0.00147220197800049,4.827785488419547e-18,3.821226110517372e-17,1.3808156023420223e-84,3.343878341642572e-63,0.004132497556077264,0.1308251293829451,1.581311703872193e-33,5.467108518932227e-17,3.123730230977187e-08,2.0774953329900887e-33,3.54225812200614e-45,4.5702134771417864e-29,0.000590911311442294,3.052868122286617e-94,5.732228887503985e-53,5.12622905189585e-23,5.428509231160069e-22,0.5165976549139641,6.574085905245607e-07,3.3282063343064005e-52,3.24975765813953e-15,0.0008950262662486508,4.2545719689106004e-14,0.4324541029853089,2.272324802326647e-06,8.049781834185819e-21,9.25625755084272e-35,9.085679737913252e-18,2.8449236540070594e-09,5.913421263841363e-41,5.7046771568116716e-65,1.3578744569041635e-05,1.4601980536156598e-71,2.144622201291847e-59,0.5788858502218669,3.0372301012543447e-06,1.342084700414035e-27,1.2551442056404008e-05,0.34245357204905014,0.23445811144573697,0.00024273980864330982,2.4437423620511283e-24,1.492691176642079e-25,0.00014806883592524125,7.188758311609903e-78,5.061602604172243e-15,2.9191642294834827e-61,3.560071222501406e-15,7.869590842908085e-19,6.122198313582443e-31,0.02019936046303805
22.0,23.5,23.5,022.0-001.0,2.3412867663954823e-35,3.7820737555036217e-65,2.060449330841218e-65,4.2009483384100217e-107,1.339314828184747e-53,6.984773009792821e-08,1.712192412552828e-64,1.2699325708526145e-29,4.631811922456813e-21,5.267172706127202e-06,2.9861661893192786e-19,2.202954268513863e-66,1.9898890114930394e-47,0.8392547432121489,1.326558588780749e-18,2.1927530496201755e-13,3.636035825302042e-27,0.0001851281921237215,7.35879197151683e-48,2.1818767236162566e-22,1.890489649373314e-09,9.077761827170137e-13,8.244881611345343e-88,7.683278697806755e-55,6.503797894742209e-46,6.957316145654961e-06,1.4846369461182162e-31,7.385485491914536e-37,3.330415134353349e-38,4.7595727528168105e-14,0.5040075562179777,1.3135052905779444e-28,1.5229349969287485e-41,0.6115854990504264,6.788310968024347e-19,0.5835870011790059,6.708643906981731e-20,4.918571090431681e-60,5.11836921759832e-50,2.6147306035104554e-56,1.461886695419396e-18,6.710733159056174e-11,1.0281244489398524e-69,0.013851048136789447,1.621627200412379e-10,6.091027873874582e-26,0.00020401863529161834,7.923205084401734e-41,1.0065868844874499e-12,0.18308662914431423,8.159692264300059e-11,9.62188817515069e-47,0.03950201637371957,0.700816579188778,2.9907337056759566e-06,7.71179195202907e-16,0.00015352737865165615,0.017394173179528242,2.3720154996994003e-30,5.108689949823213e-61
22.5,24.0,0.0,022.5-001.5,0.05188699818576038,2.5818138974597727e-36,2.478020271885493e-25,8.588513061082953e-41,5.309155954395563e-43,2.4881734080752617e-06,0.001685593506696099,0.012734842037886353,3.854622791467406e-21,2.7747611894497495e-54,2.012799764789271e-38,1.3624897836939466e-68,1.3654107743820603e-56,0.9948271687035278,8.931798245798224e-06,7.345929816951133e-41,1.506647865659134e-08,0.015308161347798428,3.3731757658663117e-31,2.864545765672099e-51,2.6096101913260986e-06,0.0009449832633726906,1.1858071372410857e-26,3.928447098611307e-09,1.5338555433091504e-42,3.0745642602893422e-37,2.805301238513559e-17,6.556015780452481e-20,4.922279120709448e-38,1.4230762284117791e-24,7.741195975337989e-28,5.766893543593916e-15,1.1252154472777282e-44,8.824072521830642e-41,0.00015515714634357095,0.6949582785290274,1.3230787316191728e-18,2.935746073948023e-09,5.298900687864173e-43,2.8113708070211195e-58,1.2270870298161252e-20,3.1627040033766866e-57,5.776266744259543e-113,3.733845393094107e-40,5.732873751206195e-23,4.133556396835435e-50,7.192340520507352e-26,2.2018167150416215e-39,2.260639054546878e-43,0.09444313453199782,0.6862306834300941,5.460963485947517e-44,4.443734453538486e-29,0.02325703201143949,0.003569461129751043,1.6949726945916226e-06,1.0001527699388459e-11,0.00017166262805589377,3.0213592124242056e-08,1.4041761996636992e-05
23.0,24.5,0.5,023.0-002.0,3.461316252875228e-45,3.313191773160883e-33,1.492758447433639e-12,5.6897470463875325e-06,1.3904647485087274e-44,0.004710872961334088,3.0702083555372305e-62,5.0546253521842843e-08,7.905704705178531e-08,8.022832695353013e-05,0.005462020524555339,3.1767819641195596e-81,1.9198763805341836e-81,0.011090055996034215,5.491608649827032e-31,6.503350415918317e-14,1.0564583841461989e-23,0.008563000762596966,5.157896986466194e-75,1.5667012228698524e-21,0.009660072464233154,0.7933717854901353,2.0134882944476684e-38,1.161094911209606e-12,2.462569446723832e-07,8.560976546068611e-23,2.9371788650975755e-16,0.00013314650752199896,5.641971734410677e-48,0.020836204608455696,4.452546852326166e-16,3.914402881846992e-33,2.1072265119286773e-13,1.924559503181757e-27,6.412742634266523e-08,3.078854434751892e-47,8.668828653952695e-24,2.9698354582374814e-12,3.329408287881482e-44,6.211485682465666e-82,8.055926554271624e-08,6.244094778409783e-48,0.1043886061586878,2.1193093674944863e-67,1.4510934054361134e-08,5.037255715242015e-16,0.0004875755870897297,1.6591180047932572e-30,1.6165588648576435e-65,3.082622334138444e-10,1.3381050377844224e-13,6.044121967638958e-52,2.5431574114594696e-61,4.887755179274745e-53,0.31034139734961824,1.4871988515958716e-25,3.4071987709712996e-28,0.06899517684851264,2.2877385775446443e-25,1.4916030633571773e-87
23.5,25.0,1.0,023.5-002.5,3.9410092045309055e-23,0.10024981157766208,1.8595532741722293e-31,0.9210480693629107,1.4014094086489052e-26,6.138645828509124e-10,7.766914867470236e-32,1.0150275129714938e-55,2.465391419785409e-05,5.015342479822397e-37,2.5283471890969205e-18,1.6308012523054236e-71,1.708308792788894e-57,0.6869229655520117,2.849813247356206e-17,2.544852991103679e-34,9.85255592989501e-42,3.333295316655778e-58,8.533611641928393e-44,9.722638965481543e-07,0.00017704979464632656,0.11442808087451567,0.14825841662103764,3.436250418871643e-23,7.36813117193679e-42,0.001119220559803274,5.85786106271752e-42,1.4222860959002335e-21,5.004448970470632e-16,8.068462773443284e-59,3.0535404236893814e-25,7.0903393900181e-25,1.232744275846745e-06,2.897666383219719e-13,0.052768499631530325,0.7084564390057576,0.22567287222057722,5.7266477154476455e-40,3.0930863626257123e-37,3.78703368579722e-57,9.641291477682368e-08,9.683312833784472e-05,0.3111460990254161,0.5905844241711474,0.3537425607645045,5.002079095107727e-30,5.517646703603326e-23,1.9262866073464784e-15,2.0337470944490507e-45,2.0748232780062807e-09,1.3244307070150726e-42,1.0889995411601153e-11,3.48772376312839e-24,4.1607778640774863e-10,5.576651771552127e-37,1.1428785519550947e-13,1.1367383129915913e-26,1.6456726415955413e-16,2.194933719869207e-51,1.733265699291583e-14
